entry_dt,entry_px,sl,tp1,kind,exit_dt,exit_px,reason,pnl_pct,tp1_hit,tp1_dt,tp1_px
2023-07-04 08:00,30911.4,30083.160479212536,31739.639520787467,fresh regime,2023-07-06 12:00,30083.160479212536,initial stop,-2.757239192871097,False,,
2023-07-09 16:00,30349.47,29719.49256734932,30979.447432650682,pullback resume,2023-07-11 08:00,30349.47,breakeven/trail stop,0.9570580826145703,True,2023-07-10 20:00:00+00:00,30979.447432650682
2023-07-13 12:00,30543.99,29864.930175577218,31223.049824422786,pullback resume,2023-07-14 16:00,30543.99,breakeven/trail stop,1.0307364481353387,True,2023-07-13 16:00:00+00:00,31223.049824422786
2023-07-19 00:00,29859.14,29142.58285043642,30575.697149563577,fresh regime,2023-07-20 00:00,29909.21,regime off,0.08756922494619346,False,,
2023-07-20 04:00,29948.0,29288.530777605716,30607.469222394284,fresh regime,2023-07-20 16:00,29810.17,regime off,-0.5398469559663499,False,,
2023-09-30 16:00,26996.29,26437.63890003229,27554.941099967713,fresh regime,2023-10-02 20:00,27380.75097959203,breakeven/trail stop,1.6653627509684021,True,2023-10-01 20:00:00+00:00,27554.941099967713
2023-10-04 12:00,27572.43,26854.71881551899,28290.14118448101,pullback resume,2023-10-09 08:00,27572.43,breakeven/trail stop,1.2204765150275687,True,2023-10-06 20:00:00+00:00,28290.14118448101
2023-10-12 00:00,26875.52,26227.312103073447,27523.727896926554,fresh regime,2023-10-12 08:00,26810.66,regime off,-0.3211258360559799,False,,
2023-10-13 08:00,26874.99,26323.008008369234,27426.97199163077,fresh regime,2023-10-13 12:00,26820.91,regime off,-0.28105103166325973,False,,
2023-10-14 04:00,26930.77,26379.346933125777,27482.193066874224,fresh regime,2023-10-14 08:00,26868.8,regime off,-0.3099084838346644,False,,
2023-10-14 16:00,26942.56,26460.791449372206,27424.328550627797,fresh regime,2023-10-14 20:00,26864.29,regime off,-0.37025855640148153,False,,
2023-10-15 20:00,27043.75,26646.493369865275,27441.006630134725,fresh regime,2023-10-16 16:00,28064.16,breakeven/trail stop,2.538981054138767,True,2023-10-16 04:00:00+00:00,27441.006630134725
2023-10-28 00:00,33892.01,32492.685494830028,35291.33450516998,pullback resume,2023-11-03 08:00,34142.82795198297,breakeven/trail stop,2.352481066559964,True,2023-11-01 20:00:00+00:00,35291.33450516998
2023-11-03 16:00,34763.71,33481.756953079705,36045.663046920294,pullback resume,2023-11-09 16:00,35902.82391979598,breakeven/trail stop,3.3994065778664373,True,2023-11-08 20:00:00+00:00,36045.663046920294
2023-11-15 16:00,36402.43,35175.03055364757,37629.82944635243,pullback resume,2023-11-16 12:00,36402.43,breakeven/trail stop,1.6045432735628529,True,2023-11-15 20:00:00+00:00,37629.82944635243
2023-11-18 00:00,36613.91,35109.54437625803,38118.275623741974,pullback resume,2023-11-27 04:00,37084.43211030407,breakeven/trail stop,2.6147679943115287,True,2023-11-24 12:00:00+00:00,38118.275623741974
2023-11-28 16:00,37513.2,36600.69817884148,38425.70182115852,pullback resume,2023-11-30 12:00,37513.2,breakeven/trail stop,1.1352841798698554,True,2023-11-29 08:00:00+00:00,38425.70182115852
2023-11-30 20:00,37749.34,36735.91864831257,38762.761351687426,pullback resume,2023-12-11 00:00,43003.99915259282,breakeven/trail stop,8.215614072402989,True,2023-12-01 08:00:00+00:00,38762.761351687426
2023-12-13 16:00,41939.17,40158.859207095666,43719.48079290433,pullback resume,2023-12-24 20:00,42705.15551953739,breakeven/trail stop,2.953289766265743,True,2023-12-20 12:00:00+00:00,43719.48079290433
2023-12-25 16:00,43618.01,42470.71249827964,44765.30750172037,pullback resume,2023-12-26 08:00,42470.71249827964,initial stop,-2.708209926140581,False,,
2023-12-27 12:00,43019.11,41723.45444669755,44314.76555330245,pullback resume,2023-12-29 16:00,41723.45444669755,initial stop,-3.0893889741259173,False,,
2023-12-31 08:00,42537.1,41223.27264477655,43850.927355223444,pullback resume,2024-01-03 08:00,43556.36764151417,breakeven/trail stop,2.6602461685298673,True,2024-01-01 20:00:00+00:00,43850.927355223444
2024-01-04 00:00,42845.23,40650.87205920947,45039.58794079054,fresh regime,2024-01-10 12:00,44344.83080607461,breakeven/trail stop,4.227384837675796,True,2024-01-08 12:00:00+00:00,45039.58794079054
2024-01-10 20:00,46489.19,44042.27968822261,48936.100311777394,pullback resume,2024-01-11 16:00,46489.19,breakeven/trail stop,2.549609218373572,True,2024-01-11 12:00:00+00:00,48936.100311777394
2024-02-02 04:00,43037.25,41524.296685243484,44550.203314756516,fresh regime,2024-02-04 08:00,42845.03,regime off,-0.526263106483793,False,,
2024-02-04 12:00,43060.09,42034.725786934236,44085.45421306576,fresh regime,2024-02-04 20:00,42636.43,regime off,-1.0630779503043142,False,,
2024-02-05 08:00,43071.87,41980.30636991502,44163.43363008498,fresh regime,2024-02-05 16:00,42644.04,regime off,-1.0724828268510178,False,,
2024-02-06 04:00,42851.1,41713.874863607525,43988.32513639247,fresh regime,2024-02-06 12:00,42826.96,regime off,-0.13627355117230566,False,,
2024-02-06 16:00,43244.89,42110.42841120472,44379.35158879528,fresh regime,2024-02-07 04:00,42799.99,regime off,-1.1079532032607808,False,,
2024-02-07 08:00,42918.02,41860.0757127868,43975.964287213195,fresh regime,2024-02-23 20:00,50569.58273286994,breakeven/trail stop,10.05857878550156,True,2024-02-07 20:00:00+00:00,43975.964287213195
2024-02-24 20:00,51557.08,50198.4079648368,52915.752035163205,pullback resume,2024-03-05 16:00,63939.81471096721,breakeven/trail stop,13.235758298980649,True,2024-02-26 16:00:00+00:00,52915.752035163205
2024-03-06 08:00,66676.46,61495.92695000421,71856.99304999581,pullback resume,2024-03-14 16:00,69032.4492080975,breakeven/trail stop,5.567057134255182,True,2024-03-11 08:00:00+00:00,71856.99304999581
2024-03-17 20:00,68536.72,64121.00756533546,72952.43243466454,pullback resume,2024-03-19 04:00,64121.00756533546,initial stop,-6.517672543062469,False,,
2024-03-20 20:00,65784.47,60817.585846379014,70751.354153621,pullback resume,2024-04-01 12:00,68750.31449223084,breakeven/trail stop,5.944525836570658,True,2024-03-25 16:00:00+00:00,70751.354153621
2024-04-04 20:00,68500.0,65548.45283119813,71451.54716880187,fresh regime,2024-04-05 08:00,66930.75,regime off,-2.369027578218963,False,,
2024-04-05 16:00,68190.62,64862.437756745785,71518.8022432542,fresh regime,2024-04-05 20:00,67412.41,month breaker,-1.220298542547904,False,,
2024-05-17 16:00,67195.09,64817.26646706599,69572.913532934,fresh regime,2024-05-23 12:00,68325.05560290394,breakeven/trail stop,2.528081162034579,True,2024-05-20 16:00:00+00:00,69572.913532934
2024-05-24 20:00,69115.98,66338.43922247816,71893.52077752183,pullback resume,2024-06-07 16:00,69115.98,breakeven/trail stop,1.9277421360587965,True,2024-06-07 12:00:00+00:00,71893.52077752183
2024-06-10 16:00,70066.12,68753.8683263186,71378.3716736814,pullback resume,2024-06-11 00:00,68753.8683263186,initial stop,-1.951362181498728,False,,
2024-06-11 20:00,67407.02,65505.79500480915,69308.24499519085,fresh regime,2024-06-12 00:00,67314.23,regime off,-0.21753018264745183,False,,
2024-06-12 12:00,67778.43,66002.08957185427,69554.77042814571,fresh regime,2024-06-12 20:00,67532.92,regime off,1.1805145285212593,True,2024-06-12 16:00:00+00:00,69734.0
2024-06-13 00:00,68263.98,65836.20845457866,70691.75154542133,fresh regime,2024-06-13 04:00,67474.95,regime off,-1.234910657140098,False,,
2024-06-13 08:00,67724.8,65318.775172570386,70130.82482742962,fresh regime,2024-06-13 16:00,66470.01,regime off,-1.93127978642742,False,,
2024-07-18 08:00,64668.0,62095.023833561034,67240.97616643897,fresh regime,2024-07-25 00:00,64983.563920329485,breakeven/trail stop,2.1515909032485014,True,2024-07-19 16:00:00+00:00,67240.97616643897
2024-07-26 00:00,65799.95,63266.69450499189,68333.20549500811,pullback resume,2024-07-30 00:00,66230.21575822112,breakeven/trail stop,2.1701323833635655,True,2024-07-27 12:00:00+00:00,68333.20549500811
2024-08-25 04:00,64101.01,61915.278346115476,66286.74165388453,fresh regime,2024-08-27 12:00,61915.278346115476,initial stop,-3.487080734167658,False,,
2024-09-19 00:00,61759.98,59083.6492543362,64436.31074566381,fresh regime,2024-09-30 00:00,64328.45813124699,breakeven/trail stop,4.16274233263374,True,2024-09-23 00:00:00+00:00,64436.31074566381
2024-10-03 00:00,60649.27,58125.81205154373,63172.72794845626,fresh regime,2024-10-09 12:00,61674.7568819194,breakeven/trail stop,2.8434693592428673,True,2024-10-07 00:00:00+00:00,63172.72794845626
2024-10-11 16:00,62259.04,60238.193072095695,64279.88692790431,fresh regime,2024-10-21 12:00,67156.23488340038,breakeven/trail stop,5.471425469807389,True,2024-10-14 00:00:00+00:00,64279.88692790431
2024-10-24 12:00,67286.0,65450.61382029999,69121.38617970001,pullback resume,2024-10-31 12:00,70467.59759361095,breakeven/trail stop,3.645137859680858,True,2024-10-28 12:00:00+00:00,69121.38617970001
2024-11-05 08:00,68894.0,66586.46664766064,71201.53335233936,pullback resume,2024-11-25 12:00,94972.32439428325,breakeven/trail stop,20.50464862560062,True,2024-11-06 00:00:00+00:00,71201.53335233936
2024-11-27 16:00,95556.0,91291.71541828311,99820.28458171689,pullback resume,2024-12-05 20:00,97251.21634362853,breakeven/trail stop,3.0358508393221184,True,2024-12-05 00:00:00+00:00,99820.28458171689
2024-12-06 16:00,99310.0,93774.90879610697,104845.09120389303,pullback resume,2024-12-18 20:00,102438.19825957643,breakeven/trail stop,4.278268048144684,True,2024-12-15 20:00:00+00:00,104845.09120389303
2024-12-21 08:00,99040.0,93366.41618495756,104713.58381504244,fresh regime,2024-12-21 16:00,97527.96,regime off,-1.6054591715734978,False,,
2024-12-25 00:00,98663.58,93764.40183221875,103562.75816778126,fresh regime,2024-12-25 04:00,98029.49,regime off,-0.7221488489284278,False,,
2024-12-25 16:00,98519.99,94123.47283332465,102916.50716667536,fresh regime,2024-12-26 08:00,97719.99,regime off,-0.8913524623800573,False,,
2025-01-04 08:00,98271.87,95614.69289598678,100929.04710401321,fresh regime,2025-01-04 12:00,97889.4,regime off,-0.46886851516714234,False,,
2025-01-05 00:00,98220.51,95790.17342363282,100650.84657636717,fresh regime,2025-01-05 04:00,98187.97,regime off,-0.11308703846559798,False,,
2025-01-05 08:00,98268.77,96056.7977734385,100480.7422265615,fresh regime,2025-01-05 12:00,97641.62,regime off,-0.7176722302933092,False,,
2025-01-06 00:00,98363.61,96198.35099300231,100528.86900699769,fresh regime,2025-01-07 12:00,98527.73248970736,breakeven/trail stop,1.1031356334745945,True,2025-01-06 12:00:00+00:00,100528.86900699769
2025-01-16 08:00,99800.0,96160.67625951121,103439.32374048879,fresh regime,2025-01-19 20:00,100007.30815027183,breakeven/trail stop,1.845644858070683,True,2025-01-17 12:00:00+00:00,103439.32374048879
2025-01-20 08:00,107120.65,101081.34217067857,113159.95782932141,pullback resume,2025-01-20 16:00,101081.34217067857,initial stop,-5.713330464334576,False,,
2025-02-03 20:00,101879.99,96241.71326250806,107518.26673749195,fresh regime,2025-02-04 08:00,98448.01,regime off,-3.4459393412959782,False,,
2025-04-20 16:00,84344.65,82656.98054553589,86032.3194544641,fresh regime,2025-05-04 20:00,94922.23169537206,breakeven/trail stop,7.185112785247494,True,2025-04-21 00:00:00+00:00,86032.3194544641
2025-05-06 20:00,94963.5,92741.68918258914,97185.31081741086,pullback resume,2025-05-12 16:00,100920.33862557315,breakeven/trail stop,4.22277855193498,True,2025-05-07 00:00:00+00:00,97185.31081741086
2025-05-13 12:00,103729.2,100321.58160908538,107136.81839091462,pullback resume,2025-05-28 12:00,107263.64007415713,breakeven/trail stop,3.26358074793458,True,2025-05-20 16:00:00+00:00,107136.81839091462
2025-05-29 12:00,108779.83,105768.40069341178,111791.25930658822,pullback resume,2025-05-29 16:00,105768.40069341178,initial stop,-2.8461407819802775,False,,
2025-06-02 00:00,105642.93,103089.77436371986,108196.08563628013,pullback resume,2025-06-05 16:00,103089.77436371986,initial stop,-2.494829480219085,False,,
2025-06-06 16:00,105092.28,102094.00519019032,108090.55480980968,fresh regime,2025-06-06 20:00,104219.8,regime off,-0.9095236727493128,False,,
2025-06-07 04:00,104871.59,102015.13204367644,107728.04795632356,fresh regime,2025-06-12 12:00,106680.83957705584,breakeven/trail stop,2.1427226996247217,True,2025-06-09 08:00:00+00:00,107728.04795632356
2025-06-14 00:00,106066.59,102968.85394147564,109164.32605852436,fresh regime,2025-06-14 04:00,105228.83,regime off,-0.869195688658575,False,,
2025-06-16 08:00,107061.8,104573.64234678901,109549.957653211,fresh regime,2025-06-17 12:00,105641.48,regime off,-1.405558547832364,False,,
2025-06-25 20:00,107761.67,104577.24918728074,110946.09081271925,fresh regime,2025-06-27 00:00,106947.06,month breaker,-0.8353160604047782,False,,
2025-07-02 00:00,105681.13,103616.77522173499,107745.48477826502,fresh regime,2025-07-06 08:00,107988.36274665875,breakeven/trail stop,1.9866531349160388,True,2025-07-02 08:00:00+00:00,107745.48477826502
2025-07-06 16:00,108906.0,107292.09465620322,110519.90534379678,pullback resume,2025-07-15 00:00,118355.20117015451,breakeven/trail stop,4.99515318199053,True,2025-07-09 16:00:00+00:00,110519.90534379678
2025-07-16 08:00,118189.24,114512.82127523895,121865.65872476106,pullback resume,2025-08-01 00:00,114512.82127523895,initial stop,-3.1881164983629584,False,,
2025-08-07 12:00,116519.54,113921.38251689462,119117.69748310537,fresh regime,2025-08-10 00:00,116462.25,regime off,-0.1291123926853932,False,,
2025-08-10 04:00,118500.0,116142.07623197768,120857.92376802232,fresh regime,2025-08-11 20:00,118500.0,breakeven/trail stop,0.9141247790192875,True,2025-08-11 00:00:00+00:00,120857.92376802232
2025-08-12 16:00,119933.0,117047.14019341838,122818.85980658162,pullback resume,2025-08-14 12:00,119933.0,breakeven/trail stop,1.1221670261871042,True,2025-08-13 16:00:00+00:00,122818.85980658162
2025-08-16 08:00,117596.07,114534.7790324787,120657.36096752131,fresh regime,2025-08-16 12:00,117378.52,regime off,-0.2648337103755338,False,,
2025-08-16 16:00,117676.7,114855.4542167801,120497.9457832199,fresh regime,2025-08-17 00:00,117380.66,regime off,-0.33135340054097906,False,,
2025-08-17 04:00,117684.96,115208.27624973247,120161.64375026754,fresh regime,2025-08-18 00:00,117405.01,regime off,-0.31767459767024775,False,,
2025-09-13 04:00,115957.0,113707.94300921125,118206.05699078875,fresh regime,2025-09-22 04:00,113707.94300921125,initial stop,-2.0179938700770506,False,,
2025-09-23 08:00,113090.13,110858.87952212954,115321.38047787047,fresh regime,2025-09-23 16:00,112882.2,regime off,-0.26369913877364315,False,,
2025-09-24 12:00,113029.45,110688.84941050163,115370.05058949837,fresh regime,2025-09-25 04:00,112546.22,regime off,-0.5071677944153308,False,,
2025-10-02 04:00,118733.99,116087.80194699619,121380.17805300382,fresh regime,2025-10-07 12:00,121592.30838436379,breakeven/trail stop,2.2361614074518643,True,2025-10-03 12:00:00+00:00,121380.17805300382
2025-10-08 12:00,122884.14,119600.79596732455,126167.48403267545,pullback resume,2025-10-10 12:00,119600.79596732455,initial stop,-2.749749099698251,False,,
2026-01-05 20:00,94303.4,92122.3299583456,96484.4700416544,fresh regime,2026-01-06 16:00,92122.3299583456,initial stop,-2.3909563876257534,False,,
2026-01-07 00:00,93747.97,91143.19643727086,96352.74356272914,pullback resume,2026-01-07 12:00,92087.21,month breaker,-1.850082763441585,False,,
2026-03-16 16:00,73274.75,70688.8782793262,75860.6217206738,fresh regime,2026-03-18 08:00,73274.75,breakeven/trail stop,1.6831086322073752,True,2026-03-17 00:00:00+00:00,75860.6217206738
2026-03-22 04:00,69340.0,66855.81369483333,71824.18630516667,fresh regime,2026-03-22 08:00,68919.37,regime off,-0.6861183572264395,False,,
2026-04-10 00:00,71787.98,69165.84468044175,74410.11531955824,fresh regime,2026-04-19 16:00,74862.20292074847,breakeven/trail stop,3.884330126913582,True,2026-04-13 20:00:00+00:00,74410.11531955824
2026-04-20 16:00,75716.78,73318.01382875576,78115.54617124423,pullback resume,2026-04-27 12:00,76855.50981009328,breakeven/trail stop,2.2541528654027365,True,2026-04-22 04:00:00+00:00,78115.54617124423
2026-04-29 12:00,77590.04,75701.61273714059,79478.4672628594,pullback resume,2026-04-29 16:00,75701.61273714059,initial stop,-2.5118899807128114,False,,
2026-05-01 04:00,77131.08,75169.52784423373,79092.63215576627,pullback resume,2026-05-08 00:00,79284.8484563267,breakeven/trail stop,2.585626940527863,True,2026-05-02 20:00:00+00:00,79092.63215576627
2026-05-09 04:00,80383.96,78393.1481547116,82374.77184528841,pullback resume,2026-05-12 12:00,80383.96,breakeven/trail stop,1.157339661550183,True,2026-05-10 20:00:00+00:00,82374.77184528841
2026-05-13 04:00,81249.99,79384.8936676951,83115.08633230491,pullback resume,2026-05-13 12:00,79384.8936676951,initial stop,-2.373651425256884,False,,
2026-05-14 16:00,81301.22,79056.22306272207,83546.21693727793,pullback resume,2026-05-15 12:00,79056.22306272207,initial stop,-2.8391077855073,False,,
2026-05-17 08:00,78180.0,76471.21871337638,79888.78128662362,fresh regime,2026-05-17 16:00,78051.42,regime off,-0.24431906852494523,False,,
2026-05-17 20:00,78415.29,76734.52876213116,80096.05123786883,fresh regime,2026-05-18 00:00,77457.67,regime off,-1.300223136039902,False,,
